driverId,name,ssn,location,certified,wage-plan
10,Kelly Thomas,010-13-7508,"2910 Harris Avenue
Blaketon, WV 02193",Y,hours
11,Judith Torres,892-92-3916,"5141 Sutton Pines Suite 248
Tracyville, TX 71822",N,hours
12,Timothy Wood,369-06-6964,"32431 Priscilla Pines
New Traceyshire, VI 69948",N,miles
13,Melissa Fox,543-70-8706,"221 Lester Flats Apt. 398
West Ericaborough, SD 92383",Y,hours
14,Charles Matthews,560-34-3908,"81202 Victor Mountain Apt. 111
New Mariaside, VA 52980",N,hours
15,Scott Russell,095-25-2506,"99061 Raymond Springs
Port Annshire, DE 98587",N,miles
16,Samantha Williams,640-56-5897,"239 Deborah Ranch
Nelsonburgh, WV 52349",N,miles
17,Jon Norman,244-43-6258,"192 Martin Shoals
Port Shawnview, FM 56364",N,miles
18,Stephanie Lewis,812-75-0515,"2957 Blair Ridges Suite 272
Watsonside, CA 83646",Y,hours
19,Charles Jenkins,240-16-9379,"Unit 3034 Box 3525
DPO AP 48158",Y,miles
20,Tracy Flores,712-50-2450,"60881 Phillips Views Suite 103
Zamoraport, WI 97136",Y,hours
21,James Warren,790-34-6287,"84566 Connor Road Suite 372
Brittanyport, NJ 61568",Y,miles
22,Sabrina Smith,021-95-7244,"125 Zuniga Lodge
East Meganborough, WY 31250",Y,hours
23,Angela Wheeler,448-35-1707,"2677 Chase Locks Suite 539
Floydfort, WA 83660",Y,miles
24,Lisa Kirby,217-37-6057,"12824 Kenneth Loaf
Brianmouth, TX 58973",Y,miles
25,Jasmine Roman,280-99-0686,"01829 Krause Plaza
New Tom, SC 71733",N,hours
26,Steven Berg,186-06-5693,"61059 John Forks
Justinhaven, KY 72559",N,hours
27,Robert Taylor,179-25-5805,"05105 Jessica Gardens Apt. 239
Kristaton, NM 32047",Y,miles
28,Vicki Hinton,869-46-2851,"5339 Jackson Lock
Raymondfort, SC 87142",N,miles
29,Sydney Adams,427-64-9087,"48319 Reynolds Causeway Apt. 041
Johnburgh, NM 71630",Y,miles
30,Kimberly Reed,861-99-5915,"6134 Jones Walk
South Shannonport, GA 59742",N,hours
31,Jasmine Wood,350-29-0335,"41850 Schmidt Squares Suite 239
Port Laurachester, MN 83565",Y,miles
32,Carmen Thompson,508-67-2124,"865 Julie Flats Apt. 227
Bishopport, CT 79219",N,hours
33,Angela Cox,497-86-1126,"345 Johnson Circle
Palmermouth, MT 49908",N,hours
34,Stacey Ward,349-86-1955,"441 Natalie Square
Dawnberg, LA 91391",N,hours
35,Sarah Thomas,336-34-1873,"614 Roberts Island Suite 408
Cynthiatown, AS 39918",N,hours
36,Cassandra Cook,441-99-3879,"628 Silva Circle Suite 712
Cervantesberg, TN 44032",Y,miles
37,Carla Marquez,059-50-4336,"5363 Meredith Center Suite 547
Brenttown, VT 44225",Y,hours
38,Matthew Morrison,689-42-7961,"9701 White Freeway Apt. 874
Lake Marie, SC 39145",Y,miles
39,Glenn Lopez,272-51-6459,"7845 Douglas Forest Apt. 364
Lake Tarastad, MT 80870",N,hours
40,Jasmin Weaver,620-96-0323,"94612 Chris Centers
Jacobfort, NY 58284",N,hours
41,Ariana York,316-62-0650,"9664 Conner Locks Suite 891
North Melissa, NJ 36889",Y,hours
42,Amy Hayes,606-11-7729,"0239 Rivera Field Suite 378
Justinland, SC 23259",Y,hours
43,Nathaniel Perez,161-53-1401,"6987 Phillip Inlet
Lloydmouth, NJ 01857",N,miles
44,David Pham,339-82-3839,"0631 Morton Ridges
Port Laurashire, IN 15415",N,miles
45,Robert Orr,067-59-6903,"9255 Michael Falls Apt. 313
Amyville, AK 61483",Y,miles
46,Michele Tucker,365-41-0241,"7986 Erin Drive
South David, LA 89459",Y,miles
47,Rachel Rodriguez,295-52-2610,"USS Garza
FPO AA 03613",N,hours
48,Wayne Nunez,164-04-9515,"368 Derek Knoll
Marthaborough, MT 29052",N,miles
49,Chloe Johnson,784-90-0161,"752 Roman Creek
Lake Veronicatown, PR 11250",N,miles
50,Carrie Gutierrez,455-54-1608,"3321 Stephanie Manor Apt. 076
North Robert, UT 72355",Y,miles
51,Hannah Neal,652-78-0808,"14197 Adam Rapids
Kevinmouth, IN 01222",Y,miles
52,Nicole Howell,797-39-4312,"281 Jerry Highway
Port Joseph, KY 53550",Y,miles
53,Mary Vazquez,768-24-9294,"6634 Reginald Prairie Apt. 569
Ayersstad, MD 25248",Y,miles
54,Justin Mccall Jr.,277-87-1808,"0839 Ashley Mission
Thompsonville, AR 22459",N,hours
55,Patricia Morgan,437-64-7777,"626 Barr Lights
Fordshire, MN 09238",N,miles
56,Maria Clark,888-65-3337,"145 Richard Lane Suite 716
Kennethton, NE 08722",Y,miles
57,Steven Ferrell,363-36-7861,"937 Maria Viaduct
North Kevinport, PR 47040",N,miles
58,Kimberly Guerra,513-18-4873,"110 Jeremy Ridges Suite 309
New Arielville, FM 03398",N,miles
59,Nicholas Bailey,261-04-7977,"879 Michael Glen
Wolfburgh, MH 32668",N,hours
60,Amanda Lewis,612-86-9223,"PSC 3810, Box 0881
APO AE 12278",N,hours
61,Amanda Wells,390-03-3977,"295 Robert Lake Apt. 162
East Anthony, SC 62980",Y,hours
62,Carolyn Williams DDS,529-62-8885,"321 Mccoy Vista Apt. 229
Wagnerbury, NH 45617",N,miles
63,Susan Hoffman,880-13-2304,"32994 Morris Keys
West Reneeview, NH 16652",N,hours
64,Mr. Stephen Garcia,036-74-5300,"43175 Tricia Prairie
Lake Roberta, GU 08055",N,miles
65,Lydia Thomas,833-71-1638,"9513 Willis Road
New Ashleyland, WV 02033",Y,hours
66,Benjamin Brooks,739-13-8422,"29159 Williamson Unions Apt. 672
Livingstonbury, NH 79971",N,miles
67,Jordan Jones,802-21-0995,"9496 Odonnell Brooks
East Michaelberg, AL 44937",Y,miles
68,John Wood,209-93-5146,"278 Ashley Highway
Port Jeremyside, IL 35250",N,miles
69,Mr. Richard Buchanan,755-77-2160,"9272 Samantha Valleys
Gwendolynton, MA 35609",N,hours
70,John Stephens,089-92-8882,"PSC 4779, Box 9777
APO AP 45367",N,hours
71,Derek Petty,439-52-9340,"300 Audrey Fall Suite 320
Julieland, ND 13550",Y,miles
72,Thomas Randolph,378-20-6912,"36915 Turner Gateway Apt. 466
North Russellchester, WA 16282",N,hours
73,Darrell Wilson,808-31-1760,"35760 Smith Isle
Richardside, OH 39084",N,miles
74,Jason Higgins,048-39-0809,"888 Brewer Corners
West Tina, SC 59519",Y,hours
75,Joshua Lambert,317-50-0502,"USNV Phillips
FPO AE 04427",Y,miles
76,Michael Collins,020-30-8437,"628 Brittany Glen
Port Dean, ID 22734",Y,hours
77,Richard Perry,437-85-0116,"PSC 0286, Box 3774
APO AA 33378",Y,hours
78,Angel Martin,793-55-6736,"8743 Tran Grove Apt. 979
Reidmouth, WV 19063",Y,miles
79,Vincent Chapman,480-87-5670,"5595 Margaret Place Suite 125
Tonifort, VI 46599",Y,hours
80,Cynthia Bailey,691-96-9266,"7921 Jennifer Fort Suite 658
Jenningsberg, DE 41563",Y,hours
81,Christopher Reed,645-15-4893,"9486 Sarah Loop
Port Kevin, VI 14087",N,miles
82,Ronald Ortiz,765-09-2592,"Unit 6018 Box 9569
DPO AA 10234",Y,hours
83,Taylor Nichols,388-56-7476,"698 Kristen Rue Apt. 864
West Alyssabury, TN 87410",Y,hours
84,Anthony Cruz,354-33-9474,"29372 Jasmin Stravenue Suite 918
West Garrettchester, VT 23874",Y,miles
85,John Dennis,253-68-7461,"8448 Ashley Bypass Suite 603
Johnsonfort, IN 59389",Y,miles
86,Tara Howell,173-76-8901,"269 Carlos Flat
South Jennifer, FL 44705",N,miles
87,Tiffany Griffith,814-68-5185,"PSC 4065, Box 5937
APO AP 92824",N,miles
88,Michael Brewer,186-81-1822,"8883 Blankenship Street
Jeffreyburgh, AK 26655",N,miles
89,Jason Crane,255-04-9905,"262 Powell Coves Apt. 045
East Debra, VT 69158",Y,hours
90,David Rogers,115-07-5984,"562 Brenda Place
Lowerystad, LA 75383",N,hours
91,Brittany Dominguez,649-89-8340,"251 David Lodge
Barberberg, MI 35179",N,miles
92,Amber Arias,125-58-1846,"9895 Morgan Road Suite 530
Davidshire, KY 69230",Y,miles
93,Samantha Clark,445-37-1498,"5796 Palmer Burg Suite 314
Lake Thomasview, IL 10627",N,hours
94,Diamond Smith,442-62-6327,"58237 Johnson Loop Suite 085
South Angela, NV 41549",Y,hours
95,Kathryn Patel,673-37-4712,"500 Taylor Center Apt. 635
Annabury, RI 44666",N,hours
96,David Moreno,836-83-3542,"850 Goodwin Spur Apt. 353
Jennifershire, CA 16967",N,hours
97,Cynthia Davis,462-70-6359,"70264 Carter Lodge
Donnaview, KY 85525",Y,hours
98,Rose Stokes,191-82-8672,"34805 Jacobs Terrace Suite 531
Lake Nicole, WA 98413",Y,hours
99,Nicholas Hubbard,485-75-7382,"698 Gomez Divide
Howellland, WI 94879",Y,miles
100,Jean Galvan DVM,477-76-3516,"2975 Hayes Union Apt. 321
Alextown, GA 52177",Y,miles
101,Jonathan Mayer,302-69-2966,"65247 Martinez Spring Suite 101
Gatesstad, MT 78866",N,hours
102,Scott Simmons,875-33-4725,"514 David Wall Suite 905
New Steven, OK 31542",Y,miles
103,Maria Stevens,439-49-3437,"934 Santiago Drive Suite 047
Russellshire, TX 20181",Y,hours
104,Justin Morgan,795-18-6437,"778 Garcia Club
Stevenport, WY 64516",N,miles
105,Teresa Flores,071-47-6332,"2645 Brown Islands
Steeleshire, AS 51818",N,miles
106,Kathleen Winters,797-02-0763,"2245 John Mission
Port Jacob, AR 50696",Y,miles
107,Keith Johnson,640-58-8164,"227 Tucker Rest
Cynthiashire, DC 06253",N,hours
108,Samantha Santana,545-65-1772,"3622 Paul Parkways Apt. 881
Jimenezberg, WY 93045",N,miles
109,Ruth Mccoy,076-33-9902,"1399 Smith Mount
Cainstad, WA 79137",N,miles
